,precision,recall,f1-score,support
COLLECTION,0.47058823529411764,0.38095238095238093,0.42105263157894735,21.0
PAIDOFF,0.7936507936507936,0.847457627118644,0.819672131147541,59.0
accuracy,0.725,0.725,0.725,0.725
macro avg,0.6321195144724556,0.6142050040355125,0.6203623813632442,80.0
weighted avg,0.7088468720821661,0.725,0.7150345125107851,80.0
